question_type,em,f1,count
HOW,0.358974358974359,0.5300940491962264,234.0
WHAT,0.5049044914816727,0.8024091107570868,1937.0
WHEN,0.5650406504065041,0.6870965432251529,246.0
WHERE,0.38181818181818183,0.6190365338761061,110.0
WHO,0.6182237600922722,0.7788078018013156,867.0
WHY,0.17543859649122806,0.6343824073816334,57.0
