epoch,train_loss,validation_loss,validation_em,validation_f1
1.0,1.9154515290071095,1.2163104083802965,0.3226086956521739,0.5359879651564646
2.0,1.1299982633855608,0.9602126125936155,0.40405797101449276,0.6023324356764446
3.0,0.8971480660968356,0.7996156778600481,0.5063768115942029,0.6893301036152559
4.0,0.7356814311610328,0.7017970118257735,0.5307246376811594,0.708836108648086
5.0,0.6139781337881846,0.6145633878531279,0.6110144927536232,0.7705987664117165
6.0,0.5154457423422072,0.5544111590694498,0.615072463768116,0.7726556386006902
